<?xml version="1.0" encoding="ISO-8859-1"?>
<metadata>
	<idinfo>
		<citation>
			<citeinfo>
				<origin>USDA Forest Service</origin>
				<pubdate>200402</pubdate>
				<title Sync="TRUE">eco_us</title>
				<pubinfo>
					<pubplace>Reston, VA</pubplace>
					<publish>U.S. Geological Survey</publish>
				</pubinfo>
				<onlink Sync="TRUE">\\PC522FTC\c\workspace\ecoregions\eco_us</onlink>
				<ftname Sync="TRUE">eco_us</ftname><geoform Sync="TRUE">vector digital data</geoform></citeinfo>
		</citation>
		<descript>
			<abstract>
This data set shows ecoregions, which are ecosystems of regional extent,
in the United States, Puerto Rico, and the U.S. Virgin Islands.  Four
levels of detail are included to show a hierarchy of ecosystems.  The
largest ecosystems are domains, which are groups of related climates and
which are differentiated based on precipitation and temperature.
Divisions represent the climates within domains and are differentiated
based on precipitation levels and patterns as well as temperature.
Divisions are subdivided into provinces, which are differentiated based on
vegetation or other natural land covers.  The finest level of detail is
described by subregions, called sections, which are subdivisions of
provinces based on terrain features.  Also identified are mountainous
areas that exhibit different ecological zones based on elevation.
</abstract>
			<purpose>
These data are intended for geographic display and analysis at the
national level, and for large regional areas.  The data should be
displayed and analyzed at scales appropriate for 1:7,500,000-scale data.
No responsibility is assumed by the U.S. Geological Survey in the use of
these data.
</purpose>
			<supplinf>
Detailed descriptions of the domains, divisions, and provinces represented
in this data set are available at:
&lt;http://www.fs.fed.us/institute/ecoregions/ecoreg1_home.html&gt;.  Detailed
descriptions of the sections represented in this data seta are available
at: &lt;http://www.fs.fed.us/land/pubs/ecoregions/&gt;.
</supplinf>
			<langdata Sync="TRUE">en</langdata></descript>
		<timeperd>
			<timeinfo>
				<sngdate>
					<caldate>200402</caldate>
				</sngdate>
			</timeinfo>
			<current>Publication date</current>
		</timeperd>
		<status>
			<progress>Complete</progress>
			<update>None planned</update>
		</status>
		<spdom>
			<bounding>
				<westbc Sync="TRUE">-179.970422</westbc>
				<eastbc Sync="TRUE">179.997415</eastbc>
				<northbc Sync="TRUE">80.742555</northbc>
				<southbc Sync="TRUE">8.099160</southbc>
			</bounding>
			<lboundng><leftbc Sync="TRUE">-5761129.000000</leftbc><rightbc Sync="TRUE">3745267.250000</rightbc><bottombc Sync="TRUE">-2360476.000000</bottombc><topbc Sync="TRUE">3910267.000000</topbc></lboundng></spdom>
		<keywords>
			<theme>
				<themekt>None</themekt>
				<themekey>Ecoregions</themekey>
				<themekey>Ecosystems</themekey>
				<themekey>Regional Ecology</themekey>
				<themekey>Ecosystem Geography</themekey>
				<themekey>Mapping</themekey>
			</theme>
			<place>
				<placekt>None</placekt>
				<placekey>United States</placekey>
			</place>
			<place>
				<placekt>
U.S. Department of Commerce, 1987, Codes for the Identification of the
States, the District of Columbia and the Outlying Areas of The United
States, and Associated Areas (FIPS 5-2): Washington, DC, National
Institute of Standards and Technology.
</placekt>
				<placekey>Alabama</placekey>
				<placekey>Alaska</placekey>
				<placekey>Arizona</placekey>
				<placekey>Arkansas</placekey>
				<placekey>California</placekey>
				<placekey>Colorado</placekey>
				<placekey>Connecticut</placekey>
				<placekey>Delaware</placekey>
				<placekey>District of Columbia</placekey>
				<placekey>Florida</placekey>
				<placekey>Georgia</placekey>
				<placekey>Hawaii</placekey>
				<placekey>Idaho</placekey>
				<placekey>Illinois</placekey>
				<placekey>Indiana</placekey>
				<placekey>Iowa</placekey>
				<placekey>Kansas</placekey>
				<placekey>Kentucky</placekey>
				<placekey>Louisiana</placekey>
				<placekey>Maine</placekey>
				<placekey>Maryland</placekey>
				<placekey>Massachusetts</placekey>
				<placekey>Michigan</placekey>
				<placekey>Minnesota</placekey>
				<placekey>Mississippi</placekey>
				<placekey>Missouri</placekey>
				<placekey>Montana</placekey>
				<placekey>Nebraska</placekey>
				<placekey>Nevada</placekey>
				<placekey>New Hampshire</placekey>
				<placekey>New Jersey</placekey>
				<placekey>New Mexico</placekey>
				<placekey>New York</placekey>
				<placekey>North Carolina</placekey>
				<placekey>North Dakota</placekey>
				<placekey>Ohio</placekey>
				<placekey>Oklahoma</placekey>
				<placekey>Oregon</placekey>
				<placekey>Pennsylvania</placekey>
				<placekey>Rhode Island</placekey>
				<placekey>South Carolina</placekey>
				<placekey>South Dakota</placekey>
				<placekey>Tennessee</placekey>
				<placekey>Texas</placekey>
				<placekey>Utah</placekey>
				<placekey>Vermont</placekey>
				<placekey>Virginia</placekey>
				<placekey>Washington</placekey>
				<placekey>West Virginia</placekey>
				<placekey>Wisconsin</placekey>
				<placekey>Wyoming</placekey>
				<placekey>Puerto Rico</placekey>
				<placekey>U.S. Virgin Islands</placekey>
			</place>
		</keywords>
		<accconst>None</accconst>
		<useconst>
None.  Acknowledgment of the USDA Forest Service, U.S. Geological Survey,
and (or) the National Atlas of the United States of America would be
appreciated in products derived from these data.
</useconst>
		<ptcontac>
			<cntinfo>
				<cntperp>
					<cntper>Robert G. Bailey</cntper>
					<cntorg>USDA Forest Service Inventory and Monitoring Institute</cntorg>
				</cntperp>
				<cntaddr>
					<addrtype>Mailing and physical address</addrtype>
					<address>2150 Centre Ave, Bldg A</address>
					<city>Fort Collins</city>
					<state>CO</state>
					<postal>80526</postal>
					<country>USA</country>
				</cntaddr>
				<cntvoice>970-295-5727</cntvoice>
				<cntfax>970-295-5885</cntfax>
				<cntemail>rgbailey@fs.fed.us</cntemail>
			</cntinfo>
		</ptcontac>
		<native Sync="TRUE">Microsoft Windows 2000 Version 5.0 (Build 2195) Service Pack 3; ESRI ArcCatalog 8.1.2.671</native>
		<crossref>
			<citeinfo>
				<origin>Robert G. Bailey</origin>
				<pubdate>1995</pubdate>
				<title>Description of the Ecoregions of the United States</title>
				<edition>Second Edition, Revised and Enlarged</edition>
				<geoform>Map</geoform>
				<serinfo>
					<sername>Miscellaneous Publication</sername>
					<issue>1391</issue>
				</serinfo>
				<pubinfo>
					<pubplace>Washington, DC</pubplace>
					<publish>USDA Forest Service</publish>
				</pubinfo>
				<othercit>108 pages with separate map at 1:7,500,000</othercit>
				<onlink>
&lt;http://www.fs.fed.us/institute/ecoregions/ecoreg1_home.html&gt;
</onlink>
			</citeinfo>
		</crossref>
		<natvform Sync="TRUE">ArcInfo Coverage</natvform></idinfo>
	<dataqual>
		<logic>No checks for topological consistency were performed on this data set.</logic>
		<complete>
This data set includes ecoregions and subregions information for the United
States, the District of Columbia, Puerto Rico, and the U.S. Virgin Islands.
</complete>
		<lineage>
			<srcinfo>
				<srccite>
					<citeinfo>
						<origin>Bailey, R.G.</origin>
						<origin>McNab, W.H.</origin>
						<origin>Avers, P.E.</origin>
						<origin>King, T.</origin>
						<pubdate>1994</pubdate>
						<title>Ecoregions and Subregions of the United States (Lower 48)</title>
						<geoform>Vector digital data</geoform>
						<pubinfo>
							<pubplace>Washington, VA</pubplace>
							<publish>USDA Forest Service</publish>
						</pubinfo>
						<onlink>&lt;http://www.fs.fed.us/institute/ecoregions/eco_download.html&gt;</onlink>
					</citeinfo>
				</srccite>
				<srcscale>7500000</srcscale>
				<typesrc>Online</typesrc>
				<srctime>
					<timeinfo>
						<sngdate>
							<caldate>1994</caldate>
						</sngdate>
					</timeinfo>
					<srccurr>Publication date</srccurr>
				</srctime>
				<srccitea>FS Lower48 Ecoregions</srccitea>
				<srccontr>Spatial and attribute information</srccontr>
			</srcinfo>
			<srcinfo>
				<srccite>
					<citeinfo>
						<origin>Bailey, R.G.</origin>
						<origin>McNab, W.H.</origin>
						<origin>Avers, P.E.</origin>
						<origin>King, T.</origin>
						<pubdate>1994</pubdate>
						<title>Ecoregions and Subregions of Alaska</title>
						<geoform>Vector digital data</geoform>
						<pubinfo>
							<pubplace>Washington, VA</pubplace>
							<publish>USDA Forest Service</publish>
						</pubinfo>
						<onlink>&lt;http://www.fs.fed.us/institute/ecoregions/eco_download.html&gt;</onlink>
					</citeinfo>
				</srccite>
				<srcscale>7500000</srcscale>
				<typesrc>Online</typesrc>
				<srctime>
					<timeinfo>
						<sngdate>
							<caldate>1994</caldate>
						</sngdate>
					</timeinfo>
					<srccurr>Publication date</srccurr>
				</srctime>
				<srccitea>FS Alaska Ecoregions</srccitea>
				<srccontr>Spatial and attribute information</srccontr>
			</srcinfo>
			<srcinfo>
				<srccite>
					<citeinfo>
						<origin>Bailey, R.G.</origin>
						<origin>McNab, W.H.</origin>
						<origin>Avers, P.E.</origin>
						<origin>King, T.</origin>
						<pubdate>1994</pubdate>
						<title>Ecoregions and Subregions of Hawaii</title>
						<geoform>Vector digital data</geoform>
						<pubinfo>
							<pubplace>Washington, VA</pubplace>
							<publish>USDA Forest Service</publish>
						</pubinfo>
						<onlink>&lt;http://www.fs.fed.us/institute/ecoregions/eco_download.html&gt;</onlink>
					</citeinfo>
				</srccite>
				<srcscale>7500000</srcscale>
				<typesrc>Online</typesrc>
				<srctime>
					<timeinfo>
						<sngdate>
							<caldate>1994</caldate>
						</sngdate>
					</timeinfo>
					<srccurr>Publication date</srccurr>
				</srctime>
				<srccitea>FS Hawaii Ecoregions</srccitea>
				<srccontr>Attribute information</srccontr>
			</srcinfo>
			<srcinfo>
				<srccite>
					<citeinfo>
						<origin>Bailey, R.G.</origin>
						<origin>McNab, W.H.</origin>
						<origin>Avers, P.E.</origin>
						<origin>King, T.</origin>
						<pubdate>1994</pubdate>
						<title>Ecoregions and Subregions of Puerto Rico and the Virgin Islands</title>
						<geoform>Vector digital data</geoform>
						<pubinfo>
							<pubplace>Washington, VA</pubplace>
							<publish>USDA Forest Service</publish>
						</pubinfo>
						<onlink>&lt;http://www.fs.fed.us/institute/ecoregions/eco_download.html&gt;</onlink>
					</citeinfo>
				</srccite>
				<srcscale>7500000</srcscale>
				<typesrc>Online</typesrc>
				<srctime>
					<timeinfo>
						<sngdate>
							<caldate>1994</caldate>
						</sngdate>
					</timeinfo>
					<srccurr>Publication date</srccurr>
				</srctime>
				<srccitea>FS PR_VI Ecoregions</srccitea>
				<srccontr>Attribute information</srccontr>
			</srcinfo>
			<srcinfo>
				<srccite>
					<citeinfo>
						<origin>U.S. Geological Survey</origin>
						<pubdate>200206</pubdate>
						<title>State Boundaries of the United States</title>
						<pubinfo>
							<pubplace>Reston, VA</pubplace>
							<publish>U.S. Geological Survey</publish>
						</pubinfo>
						<onlink>&lt;http://nationalatlas.gov/atlasftp.html&gt;</onlink>
					</citeinfo>
				</srccite>
				<srcscale>2000000</srcscale>
				<typesrc>Online</typesrc>
				<srctime>
					<timeinfo>
						<rngdates>
							<begdate>1972</begdate>
							<enddate>2002</enddate>
						</rngdates>
					</timeinfo>
					<srccurr>Ground condition</srccurr>
				</srctime>
				<srccitea>Atlas-States</srccitea>
				<srccontr>Spatial information</srccontr>
			</srcinfo>
			<procstep>
				<procdesc>
The USDA Forest Service ecoregions shapefile for the 48 conterminous
States and the export file for Alaska were downloaded and reprojected to
a Lambert Azimuthal Equal Area projection using Arc/INFO.  The
shorelines were removed and replaced with shorelines from the National
Atlas States data set.  Linework was cleaned and adjusted.  USDS Forest
Service ecoregions attribution for Hawaii, Puerto Rico, and the U.S.
Virgin Islands was added to the polygons for those areas defined by the
National Atlas shorelines.

The polygon attribution was checked and the following corrections were
made: For Ecocode = -263A the Province field was blank; this was
corrected to California Coastal Steppe-Mixed Forest-Redwood Forest
Province.  For Ecocode = M242A, Ecocode = M242B, and Ecocode = M242C
the Division was corrected from Marine Regime Mountains Redwood Forest
Province to Marine Regime Mountains.
</procdesc>
				<srcused>FS Lower48 Ecoregions</srcused>
				<srcused>FS Alaska Ecoregions</srcused>
				<srcused>FS Hawaii Ecoregions</srcused>
				<srcused>FS PR_VI Ecoregions</srcused>
				<srcused>Atlas-States</srcused>
				<procdate>200401</procdate>
			</procstep>
		</lineage>
	</dataqual>
	<spdoinfo>
		<direct Sync="TRUE">Vector</direct>
		<ptvctinf>
			<sdtsterm Name="arc">
				<sdtstype Sync="TRUE">Complete chain</sdtstype>
				<ptvctcnt Sync="TRUE">4288</ptvctcnt>
			</sdtsterm>
			<esriterm Name="arc"><efeatyp Sync="TRUE">Simple</efeatyp><efeageom Sync="TRUE">Arc</efeageom><esritopo Sync="TRUE">FALSE</esritopo><efeacnt Sync="TRUE">4288</efeacnt><spindex Sync="TRUE">FALSE</spindex><linrefer Sync="TRUE">FALSE</linrefer></esriterm><esriterm Name="label"><efeatyp Sync="TRUE">Simple</efeatyp><efeageom Sync="TRUE">Label</efeageom><esritopo Sync="TRUE">FALSE</esritopo><efeacnt Sync="TRUE">3072</efeacnt><spindex Sync="TRUE">FALSE</spindex><linrefer Sync="TRUE">FALSE</linrefer></esriterm><sdtsterm Name="label"><sdtstype Sync="TRUE">Label point</sdtstype><ptvctcnt Sync="TRUE">3072</ptvctcnt></sdtsterm><esriterm Name="polygon"><efeatyp Sync="TRUE">Simple</efeatyp><efeageom Sync="TRUE">Polygon</efeageom><esritopo Sync="TRUE">TRUE</esritopo><efeacnt Sync="TRUE">3072</efeacnt><spindex Sync="TRUE">FALSE</spindex><linrefer Sync="TRUE">FALSE</linrefer></esriterm><sdtsterm Name="polygon"><sdtstype Sync="TRUE">GT-polygon composed of chains</sdtstype><ptvctcnt Sync="TRUE">3072</ptvctcnt></sdtsterm><esriterm Name="tic"><efeatyp Sync="TRUE">Simple</efeatyp><efeageom Sync="TRUE">Tic</efeageom><esritopo Sync="TRUE">FALSE</esritopo><efeacnt Sync="TRUE">6</efeacnt><spindex Sync="TRUE">FALSE</spindex><linrefer Sync="TRUE">FALSE</linrefer></esriterm><sdtsterm Name="tic"><sdtstype Sync="TRUE">Point</sdtstype><ptvctcnt Sync="TRUE">6</ptvctcnt></sdtsterm></ptvctinf>
	</spdoinfo>
	<spref>
		<horizsys>
			<geodetic>
				<horizdn Sync="TRUE">D_Sphere_ARC_INFO</horizdn>
				<ellips Sync="TRUE">Sphere_ARC_INFO</ellips>
				<semiaxis Sync="TRUE">6370997.000000</semiaxis>
				<denflat Sync="TRUE">infinity</denflat>
			</geodetic>
			<cordsysn><geogcsn Sync="TRUE">GCS_Sphere_ARC_INFO</geogcsn><projcsn Sync="TRUE">NAD_1983_Lambert_Azimuthal_Equal_Area</projcsn></cordsysn><planar><planci><plance Sync="TRUE">coordinate pair</plance><plandu Sync="TRUE">meters</plandu><coordrep><absres Sync="TRUE">0.016384</absres><ordres Sync="TRUE">0.016384</ordres></coordrep></planci><mapproj><mapprojn Sync="TRUE">Lambert Azimuthal Equal Area</mapprojn><lamberta><longpc Sync="TRUE">-100.000000</longpc><latprjc Sync="TRUE">45.000000</latprjc><feast Sync="TRUE">0.000000</feast><fnorth Sync="TRUE">0.000000</fnorth></lamberta></mapproj></planar></horizsys>
	</spref>
	<eainfo>
		<detailed Name="eco_us.aat">
			<enttyp>
				<enttypl Sync="TRUE">eco_us.aat</enttypl>
				<enttypd>
An ecosystem of regional extent.  The polygons in this data set
represent subregion sections, which are the finest level of detail.
Sections are further classified into provinces, divisions, and domains.
</enttypd>
				<enttypds>U.S. Geological Survey</enttypds>
				<enttypt Sync="TRUE">Feature Class</enttypt><enttypc Sync="TRUE">4288</enttypc></enttyp>
			<attr>
				<attrlabl Sync="TRUE">FID</attrlabl>
				<attrdef Sync="TRUE">Internal feature number.</attrdef>
				<attrdefs Sync="TRUE">ESRI</attrdefs>
				<attrdomv>
					<edom>
						<edomv>Polygon</edomv>
						<edomvd>2-dimensional element</edomvd>
						<edomvds>ESRI GIS software</edomvds>
					</edom>
					<udom Sync="TRUE">Sequential unique whole numbers that are automatically generated.</udom></attrdomv>
				<attalias Sync="TRUE">FID</attalias><attrtype Sync="TRUE">OID</attrtype><attwidth Sync="TRUE">4</attwidth><atprecis Sync="TRUE">0</atprecis><attscale Sync="TRUE">0</attscale></attr>
			<attr>
				<attrlabl Sync="TRUE">Shape</attrlabl>
				<attrdef Sync="TRUE">Feature geometry.</attrdef>
				<attrdefs Sync="TRUE">ESRI</attrdefs>
				<attrdomv>
					<rdom>
						<rdommin>0.000</rdommin>
						<rdommax>34.509</rdommax>
					</rdom>
					<udom Sync="TRUE">Coordinates defining the features.</udom></attrdomv>
				<attalias Sync="TRUE">Shape</attalias><attrtype Sync="TRUE">Geometry</attrtype><attwidth Sync="TRUE">0</attwidth><atprecis Sync="TRUE">0</atprecis><attscale Sync="TRUE">0</attscale></attr>
			<attr>
				<attrlabl Sync="TRUE">FNODE#</attrlabl>
				<attrdef Sync="TRUE">Internal node number for the beginning of an arc (from-node).</attrdef>
				<attrdefs Sync="TRUE">ESRI</attrdefs>
				<attrdomv>
					<rdom>
						<rdommin>0.010</rdommin>
						<rdommax>65.705</rdommax>
					</rdom>
					<udom Sync="TRUE">Whole numbers that are automatically generated.</udom></attrdomv>
				<attwidth Sync="TRUE">4</attwidth><atoutwid Sync="TRUE">5</atoutwid><attrtype Sync="TRUE">Binary</attrtype></attr>
			<attr>
				<attrlabl Sync="TRUE">TNODE#</attrlabl>
				<attrdef Sync="TRUE">Internal node number for the end of an arc (to-node).</attrdef>
				<attrdefs Sync="TRUE">ESRI</attrdefs>
				<attrdomv>
					<rdom>
						<rdommin>2</rdommin>
						<rdommax>3073</rdommax>
					</rdom>
					<udom Sync="TRUE">Whole numbers that are automatically generated.</udom></attrdomv>
				<attwidth Sync="TRUE">4</attwidth><atoutwid Sync="TRUE">5</atoutwid><attrtype Sync="TRUE">Binary</attrtype></attr>
			<attr>
				<attrlabl Sync="TRUE">LPOLY#</attrlabl>
				<attrdef Sync="TRUE">Internal node number for the left polygon.</attrdef>
				<attrdefs Sync="TRUE">ESRI</attrdefs>
				<attrdomv>
					<rdom>
						<rdommin>-124A</rdommin>
						<rdommax>M423A</rdommax>
					</rdom>
					<udom Sync="TRUE">Whole numbers that are automatically generated.</udom></attrdomv>
				<attwidth Sync="TRUE">4</attwidth><atoutwid Sync="TRUE">5</atoutwid><attrtype Sync="TRUE">Binary</attrtype></attr>
			<attr>
				<attrlabl Sync="TRUE">RPOLY#</attrlabl>
				<attrdef Sync="TRUE">Internal node number for the right polygon.</attrdef>
				<attrdefs Sync="TRUE">ESRI</attrdefs>
				<attrdomv>
					<edom>
						<edomv>Dry domain</edomv>
						<edomvd>
An ecoregion whose most important characteristic is the dryness of
the environment.  This domain annually loses more water through
evaporation from the surface than it gains through precipitation.
</edomvd>
						<edomvds>USDA Forest Service</edomvds>
					</edom>
					<udom Sync="TRUE">Whole numbers that are automatically generated.</udom></attrdomv>
				<attrdomv>
					<edom>
						<edomv>Humid temperate domain</edomv>
						<edomvd>
An ecoregion located in the middle latitudes and with a climate
controlled by both tropical and polar air masses.  This domain has
pronounced seasons with strong annual cycles of temperature and
precipitation.
</edomvd>
						<edomvds>USDA Forest Service</edomvds>
					</edom>
					<udom Sync="TRUE">Whole numbers that are automatically generated.</udom></attrdomv>
				<attrdomv>
					<edom>
						<edomv>Humid tropical domain</edomv>
						<edomvd>
An ecoregion located in the low latitudes and with a climate
controlled by tropical and equatorial air masses.  This domain has
no winter season and experiences heavy average annual rainfall.
</edomvd>
						<edomvds>USDA Forest Service</edomvds>
					</edom>
					<udom Sync="TRUE">Whole numbers that are automatically generated.</udom></attrdomv>
				<attrdomv>
					<edom>
						<edomv>Polar domain</edomv>
						<edomvd>
An ecoregion located at high latitude and with a climate controlled
by polar and arctic air masses.  This domain has low temperatures,
severe winters, and small amounts of precipitation.
</edomvd>
						<edomvds>USDA Forest Service</edomvds>
					</edom>
					<udom Sync="TRUE">Whole numbers that are automatically generated.</udom></attrdomv>
				<attwidth Sync="TRUE">4</attwidth><atoutwid Sync="TRUE">5</atoutwid><attrtype Sync="TRUE">Binary</attrtype></attr>
			<attr>
				<attrlabl Sync="TRUE">LENGTH</attrlabl>
				<attrdef Sync="TRUE">Length of feature in internal units.</attrdef>
				<attrdefs Sync="TRUE">ESRI</attrdefs>
				<attrdomv>
					<edom>
						<edomv>(See table below)</edomv>
						<edomvd>
The values for Division are listed below, along with the domains
with which they are associated.  Detailed definitions of divisions
can be found at
&lt;http://www.fs.fed.us/colorimagemap/ecoreg1_divisions.html&gt;.
&gt;
&gt;Domain                   Divisions
&gt;-------------------------------------------------------------------
&gt;Dry Domain               Temperate Desert Division
&gt;                         Temperate Desert Regime Mountains
&gt;                         Temperate Steppe Division
&gt;                         Temperate Steppe Regime Mountains
&gt;                         Tropical/Subtropical Desert Division
&gt;                         Tropical/Subtropical Regime Mountains
&gt;                         Tropical/Subtropical Steppe Division
&gt;
&gt;Humid temperate domain   Hot Continental Division
&gt;                         Hot Continental Regime Mountains
&gt;                         Marine Division
&gt;                         Marine Regime Mountains
&gt;                         Mediterranean Division
&gt;                         Mediterranean Regime Mountains
&gt;                         Prairie Division
&gt;                         Subtropical Division
&gt;                         Subtropical Regime Mountains
&gt;                         Warm Continental Division
&gt;                         Warm Continental Regime Mountains
&gt;
&gt;Humid tropical domain    Rainforest Regime Mountains
&gt;                         Savanna Division
&gt;                         Savanna Regime Mountains
&gt;
&gt;Polar domain             Subarctic Division
&gt;                         Subarctic Regime Mountains
&gt;                         Tundra Division
&gt;                         Tundra Regime Mountains
</edomvd>
						<edomvds>USDA Forest Service</edomvds>
					</edom>
					<udom Sync="TRUE">Positive real numbers that are automatically generated.</udom></attrdomv>
				<attwidth Sync="TRUE">4</attwidth><atoutwid Sync="TRUE">12</atoutwid><attrtype Sync="TRUE">Float</attrtype><atnumdec Sync="TRUE">3</atnumdec></attr>
			<attr>
				<attrlabl Sync="TRUE">ECO_US#</attrlabl>
				<attrdef Sync="TRUE">Internal feature number.</attrdef>
				<attrdefs Sync="TRUE">ESRI</attrdefs>
				<attrdomv>
					<edom>
						<edomv>(See table below)</edomv>
						<edomvd>
The values for Province are listed below, along with the divisions
with which they are associated.  Detailed definitions of provinces
can be found at
&lt;http://www.fs.fed.us/colorimagemap/ecoreg1_provinces.html&gt;.
&gt;
&gt;Division          Provinces
&gt;-------------------------------------------------------------------
&gt;Hot Continental Division
&gt;                  Eastern Broadleaf Forest (Oceanic) Province
&gt;                  Eastern Broadleaf Forest (Continental) Province
&gt;
&gt;Hot Continental Regime Mountains
&gt;                  Central Appalachian Broadleaf Forest-Coniferous
&gt;                    Forest-Meadow Province
&gt;                  Ozark Broadleaf Forest - Meadow Province
&gt;
&gt;Marine Division
&gt;                  Pacific Lowland Mixed Forest Province
&gt;
&gt;Marine Regime Mountains
&gt;                  Cascade Mixed Forest-Coniferous Forest-Alpine
&gt;                    Meadow Province
&gt;                  Pacific Coastal Mountains Forest-Meadow
&gt;                    Province
&gt;                  Pacific Gulf Coastal Forest-Meadow Province
&gt;
&gt;Mediterranean Division
&gt;                  California Coastal Chaparral Forest and Shrub
&gt;                    Province
&gt;                  California Coastal Steppe-Mixed Forest-Redwood
&gt;                    Forest Province
&gt;                  California Dry Steppe Province
&gt;
&gt;Mediterranean Regime Mountains
&gt;                  California Coastal Range Open Woodland-Shrub-
&gt;                    Coniferous Forest-Meadow Province
&gt;                  Sierran Steppe-Mixed Forest-Coniferous Forest-
&gt;                    Alpine Meadow Province
&gt;
&gt;Prairie Division
&gt;                  Prairie Parkland (Subtropical) Province
&gt;                  Prairie Parkland (Temperate) Province
&gt;
&gt;Rainforest Regime Mountains
&gt;                  Hawaiian Islands Province
&gt;
&gt;Savanna Division
&gt;                  Everglades Province
&gt;
&gt;Savanna Regime Mountains
&gt;                  Puerto Rico Province
&gt;
&gt;Subarctic Division
&gt;                  Coastal Trough Humid Tayga Province
&gt;                  Upper Yukon Tayga Province
&gt;                  Yukon Intermontane Plateaus Tayga Province
&gt;
&gt;Subarctic Regime Mountains
&gt;                  Alaska Range Humid Tayga-Tundra-Meadow Province
&gt;                  Upper Yukon Tayga-Meadow Province
&gt;                  Yukon Intermontane Plateaus Tayga-Meadow
&gt;                    Province
&gt;
&gt;Subtropical Division
&gt;                  Lower Mississippi Riverine Forest Province
&gt;                  Outer Coastal Plain Mixed Forest Province
&gt;                  Southeastern Mixed Forest Province
&gt;
&gt;Subtropical Regime Mountains
&gt;                  Ouachita Mixed Forest - Meadow Province
&gt;
&gt;Temperate Desert Division
&gt;                  Intermountain Semi-Desert Province
&gt;                  Intermountain Semi-Desert and Desert Province
&gt;
&gt;Temperate Desert Regime Mountains
&gt;                  Nevada-Utah Mountains-Semi-Desert-Coniferous
&gt;                    Forest-Alpine Meadow Province
&gt;
&gt;Temperate Steppe Division
&gt;                  Great Plains-Palouse Dry Steppe Province
&gt;                  Great Plains Steppe Province
&gt;
&gt;Temperate Steppe Regime Mountains
&gt;                  Black Hills Coniferous Forest Province
&gt;                  Middle Rocky Mountain Steppe-Coniferous Forest-
&gt;                    Alpine Meadow Province
&gt;                  Northern Rocky Mountain Forest-Steppe-Coniferous
&gt;                    Forest-Alpine Meadow Province
&gt;                  Southern Rocky Mountain Steppe-Open Woodland-
&gt;                    Coniferous Forest-Alpine Meadow Province
&gt;
&gt;Tropical/Subtropical Desert Division
&gt;                  American Semi-Desert and Desert Province
&gt;                  Chihuahuan Semi-Desert Province
&gt;
&gt;Tropical/Subtropical Regime Mountains
&gt;                  Arizona-New Mexico Mountains Semi-Desert-Open
&gt;                    Woodland-Coniferous Forest-Alpine Meadow
&gt;                    Province
&gt;
&gt;Tropical/Subtropical Steppe Division
&gt;                  Colorado Plateau Semi-Desert Province
&gt;                  Great Plains Steppe and Shrub Province
&gt;                  Southwest Plateau and Plains Dry Steppe and Shrub
&gt;                    Province
&gt;
&gt;Tundra Division
&gt;                  Arctic Tundra Province
&gt;                  Bering Tundra (Northern) Province
&gt;                  Bering Tundra (Southern) Province
&gt;
&gt;Tundra Regime Mountains
&gt;                  Ahklun Mountains Tundra-Meadow Province
&gt;                  Aleutian Oceanic Meadow-Heath Province
&gt;                  Brooks Range Tundra-Polar Desert Province
&gt;                  Seward Peninsula Tundra-Meadow Province
&gt;
&gt;Warm Continental Division
&gt;                  Laurentian Mixed Forest Province
&gt;
&gt;Warm Continental Regime Mountains
&gt;                  Adirondack-New England Mixed Forest-Coniferous
&gt;                    Forest-Alpine Meadow Province
</edomvd>
						<edomvds>USDA Forest Service</edomvds>
					</edom>
					<udom Sync="TRUE">Sequential unique whole numbers that are automatically generated.</udom></attrdomv>
				<attwidth Sync="TRUE">4</attwidth><atoutwid Sync="TRUE">5</atoutwid><attrtype Sync="TRUE">Binary</attrtype></attr>
			<attr>
				<attrlabl Sync="TRUE">ECO_US-ID</attrlabl>
				<attrdef Sync="TRUE">User-defined feature number.</attrdef>
				<attrdefs Sync="TRUE">ESRI</attrdefs>
				<attrdomv>
					<edom>
						<edomv>(See table below)</edomv>
						<edomvd>
The values for Section are listed below, along with the provinces
with which they are associated.  Detailed definitions of sections
can be found at &lt;http://www.fs.fed.us/land/pubs/ecoregions/&gt;.
&gt;
&gt;Province
&gt;Ecocode     Section
&gt;-------------------------------------------------------------------
&gt;Adirondack-New England Mixed Forest-Coniferous Forest-Alpine Meadow
&gt;  Province
&gt;M212A       White Mountains Section
&gt;M212B       New England Piedmont Section
&gt;M212C       Green, Taconic, Berkshire Mountains Section
&gt;M212D       Adirondack Highlands Section
&gt;M212E       Catskill Mountains Section
&gt;
&gt;Ahklun Mountains Tundra-Meadow Province
&gt;M126A       Ahklun Mountains Section
&gt;
&gt;Alaska Range Humid Tayga-Tundra-Meadow Province
&gt;M135A       Alaska Mountains Section
&gt;M135B       Wrangell Mountains Section
&gt;
&gt;Aleutian Oceanic Meadow-Heath Province
&gt;M127A       Alaska Peninsula Section
&gt;M127B       Aleutian Islands Section
&gt;M127C       West Kodiak Island Section
&gt;
&gt;American Semi-Desert and Desert Province
&gt;-322A       Mojave Desert Section
&gt;-322B       Sonoran Desert Section
&gt;-322C       Colorado Desert Section
&gt;
&gt;Arctic Tundra Province
&gt;-124A       Coastal Plain
&gt;
&gt;Arizona-New Mexico Mountains Semi-Desert-Open Woodland-Coniferous
&gt;  Forest-Alpine Meadow Province
&gt;M313A       White Mountain-San Francisco Peaks-Mogollon Rim Section
&gt;M313B       Sacramento-Monzano Mountain Section
&gt;
&gt;Bering Tundra (Northern) Province
&gt;-125A       Kotzebue Sound Lowlands Section
&gt;-125B       Yukon-Kuskokwim Delta Section
&gt;
&gt;Bering Tundra (Southern) Province
&gt;-126A       Bristol Bay Lowlands Section
&gt;
&gt;Black Hills Coniferous Forest Province
&gt;M334A       Black Hills Section
&gt;
&gt;Brooks Range Tundra-Polar Desert Province
&gt;M121A       Foothills Section
&gt;M121B       Mountains Section
&gt;
&gt;California Coastal Chaparral Forest and Shrub Province
&gt;-261A       Central California Coast Section
&gt;-261B       Southern California Coast Section
&gt;
&gt;California Coastal Range Open Woodland-Shrub-Coniferous Forest-
&gt;  Meadow Province
&gt;M262A       Central California Coast Ranges Section
&gt;M262B       Southern California Mountains and Valleys Section
&gt;
&gt;California Coastal Steppe-Mixed Forest-Redwood Forest Province
&gt;-263A       Northern California Coast Section
&gt;
&gt;California Dry Steppe Province
&gt;-262A       Great Valley Section
&gt;
&gt;Cascade Mixed Forest-Coniferous Forest-Alpine Meadow Province
&gt;M242A       Oregon and Washington Coast Ranges Section
&gt;M242B       Western Cascades Section
&gt;M242C       Eastern Cascades Section
&gt;
&gt;Central Appalachian Broadleaf Forest-Coniferous Forest-Meadow
&gt;  Province
&gt;M221A       Northern Ridge and Valley Section
&gt;M221B       Allegheny Mountains Section
&gt;M221C       Northern Cumberland Mountains Section
&gt;M221D       Blue Ridge Mountains Section
&gt;
&gt;Chihuahuan Semi-Desert Province
&gt;-321A       Basin and Range Section
&gt;-321B       Stockton Plateau Section
&gt;
&gt;Coastal Trough Humid Tayga Province
&gt;-135A       Cook Inlet Lowlands Section
&gt;-135B       Copper River Basin Section
&gt;
&gt;Colorado Plateau Semi-Desert Province
&gt;-313A       Grand Canyon Section
&gt;-313B       Navajo Canyonlands Section
&gt;-313C       Tonto Transition Section
&gt;-313D       Painted Desert Section
&gt;-313E       Central Rio Grande Intermontane Section
&gt;
&gt;Eastern Broadleaf Forest (Continental) Province
&gt;-222A       Ozark Highlands Section
&gt;-222C       Upper Gulf Coastal Plain Section
&gt;-222D       Interior Low Plateau, Shawnee Hills Section
&gt;-222E       Interior Low Plateau, Highland Rim Section
&gt;-222F       Interior Low Plateau, Bluegrass Section
&gt;-222G       Central Till Plains, Oak-Hickory Section
&gt;-222H       Central Till Plains, Beech-Maple Section
&gt;-222I       Erie and Ontario Lake Plain Section
&gt;-222J       South Central Great Lakes Section
&gt;-222K       Southwestern Great Lakes Morainal Section
&gt;-222L       North-Central U.S. Driftless and Escarpment Section
&gt;-222M       Minnesota and Northeastern Iowa, Morainal, Oak Savanna
&gt;              Section
&gt;-222N       Lake Agassiz, Aspen Parklands Section
&gt;
&gt;Eastern Broadleaf Forest (Oceanic) Province
&gt;-221A       Lower New England Section
&gt;-221B       Hudson Valley Section
&gt;-221C       Upper Atlantic Coastal Plain Section
&gt;-221D       Northern Appalachian Piedmont Section
&gt;-221E       Southern Unglaciated Allegheny Plateau Section
&gt;-221F       Western Glaciated Allegheny Plateau Section
&gt;-221H       Northern Cumberland Plateau Section
&gt;-221I       Southern Cumberland Mountains Section
&gt;-221J       Central Ridge and Valley Section
&gt;
&gt;Everglades Province
&gt;-411A       Everglades Section
&gt;
&gt;Great Plains Steppe Province
&gt;-332A       Northeastern Glaciated Plains Section
&gt;-332B       Western Glaciated Plains Section
&gt;-332C       Nebraska Sand Hills Section
&gt;-332D       North-Central Great Plains Section
&gt;-332E       South-Central Great Plains Section
&gt;
&gt;Great Plains Steppe and Shrub Province
&gt;-311A       Redbed Plains Section
&gt;
&gt;Great Plains-Palouse Dry Steppe Province
&gt;-331A       Palouse Prairie Section
&gt;-331B       Southern High Plains Section
&gt;-331C       Central High Tablelands Section
&gt;-331D       Northwestern Glaciated Plains Section
&gt;-331E       Northern Glaciated Plains Section
&gt;-331F       Northwestern Great Plains Section
&gt;-331G       Powder River Basin Section
&gt;-331H       Central High Plains Section
&gt;-331I       Arkansas Tablelands Section
&gt;-331J       Northern Rio Grande Basin Section
&gt;
&gt;Hawaiian Islands Province
&gt;M423A       Hawaiian Islands Section
&gt;
&gt;Intermountain Semi-Desert Province
&gt;-342A       Bighorn Basin Section
&gt;-342B       Northwestern Basin and Range Section
&gt;-342C       Owyhee Uplands Section
&gt;-342D       Snake River Basalts Section
&gt;-342E       Bear Lake Section
&gt;-342F       Central Basin and Hills Section
&gt;-342G       Green River Basin Section
&gt;-342H       High Lava Plains Section
&gt;-342I       Columbia Basin Section
&gt;
&gt;Intermountain Semi-Desert and Desert Province
&gt;-341A       Bonneville Basin Section
&gt;-341B       Northern Canyon Lands Section
&gt;-341C       Uinta Basin Section
&gt;-341D       Mono Section
&gt;-341E       Lahontan Basin Section
&gt;-341F       Southeastern Great Basin Section
&gt;-341G       Northeastern Great Basin Section
&gt;
&gt;Laurentian Mixed Forest Province
&gt;-212A       Aroostook Hills and Lowlands Section
&gt;-212B       Maine and New Brunswick Foothills and Eastern Lowlands
&gt;              Section
&gt;-212C       Fundy Coastal and Interior Section
&gt;-212D       Central Maine Coastal and Interior Section
&gt;-212E       St. Lawrence and Champlain Valley Section
&gt;-212F       Northern Glaciated Allegheny Plateau Section
&gt;-212G       Northern Unglaciated Allegheny Plateau Section
&gt;-212H       Northern Great Lakes Section
&gt;-212J       Southern Superior Uplands Section
&gt;-212K       Western Superior Section
&gt;-212L       Northern Superior Uplands Section
&gt;-212M       Northern Minnesota and Ontario Section
&gt;-212N       Northern Minnesota Draft and Lake Plains Section
&gt;
&gt;Lower Mississippi Riverine Forest Province
&gt;-234A       Mississippi Alluvial Basin Section
&gt;
&gt;Middle Rocky Mountain Steppe-Coniferous Forest-Alpine Meadow
&gt;  Province
&gt;M332A       Idaho Batholith Section
&gt;M332B       Bitterroot Valley Section
&gt;M332C       Rocky Mountain Front Section
&gt;M332D       Belt Mountains Section
&gt;M332E       Beaverhead Mountains Section
&gt;M332F       Challis Volcanics Section
&gt;M332G       Blue Mountains Section
&gt;
&gt;Nevada-Utah Mountains-Semi-Desert-Coniferous Forest-Alpine Meadow
&gt;  Province
&gt;M341A       Central Great Basin Mountains Section
&gt;M341B       Tavaputs Plateau Section
&gt;M341C       Utah High Plateaus and Mountains Section
&gt;
&gt;Northern Rocky Mountain Forest-Steppe-Coniferous Forest-Alpine
&gt;  Meadow Province
&gt;M333A       Okanogan Highlands Section
&gt;M333B       Flathead Valley Section
&gt;M333C       Northern Rockies Section
&gt;M333D       Bitterroot Mountains Section
&gt;
&gt;Ouachita Mixed Forest - Meadow Province
&gt;M231A       Ouachita Mountains Section
&gt;
&gt;Outer Coastal Plain Mixed Forest Province
&gt;-232A       Middle Atlantic Coastal Plain Section
&gt;-232B       Coastal Plains and Flatwoods, Lower Section
&gt;-232C       Atlantic Coastal Flatlands Section
&gt;-232D       Florida Coastal Lowlands (Western) Section
&gt;-232E       Louisiana Coast Prairies and Marshes Section
&gt;-232F       Coastal Plains and Flatwoods, Western Gulf Section
&gt;-232G       Florida Coastal Lowlands (Eastern) Section
&gt;
&gt;Ozark Broadleaf Forest - Meadow Province
&gt;M222A       Boston Mountains Section
&gt;
&gt;Pacific Coastal Mountains Forest-Meadow Province
&gt;M244A       Chugach-St. Elias Mountains Section
&gt;M244B       Lynn Canal Section
&gt;M244C       Boundary Range Section
&gt;
&gt;Pacific Gulf Coastal Forest-Meadow Province
&gt;M245A       Northern Gulf Section
&gt;M245B       Northern Alexander Archipelago Section
&gt;M245C       Southern Alexander Archipelago Section
&gt;
&gt;Pacific Lowland Mixed Forest Province
&gt;-242A       Willamette Valley and Puget Trough Section
&gt;
&gt;Prairie Parkland (Subtropical) Province
&gt;-255A       Cross Timbers and Prairie Section
&gt;-255B       Blackland Prairies Section
&gt;-255C       Oak Woods and Prairies Section
&gt;-255D       Central Gulf Prairies and Marshes Section
&gt;
&gt;Prairie Parkland (Temperate) Province
&gt;-251A       Red River Valley Section
&gt;-251B       North-Central Glaciated Plains Section
&gt;-251C       Central Dissected Till Plains Section
&gt;-251D       Central Till Plains Section
&gt;-251E       Osage Plains Section
&gt;-251F       Flint Hills Section
&gt;-251G       Central Loess Plains Section
&gt;
&gt;Puerto Rico Province
&gt;M411A       Dry-Humid Mountains Section
&gt;
&gt;Seward Peninsula Tundra-Meadow Province
&gt;M125A       Seward Mountains Section
&gt;
&gt;Sierran Steppe-Mixed Forest-Coniferous Forest-Alpine Meadow
&gt;  Province
&gt;M261A       Klamath Mountains Section
&gt;M261B       Northern California Coast Ranges Section
&gt;M261C       Northern California Interior Coast Ranges Section
&gt;M261D       Southern Cascades Section
&gt;M261E       Sierra Nevada Section
&gt;M261F       Sierra Nevada Foothills Section
&gt;M261G       Modoc Plateau Section
&gt;
&gt;Southeastern Mixed Forest Province
&gt;-231A       Southern Appalachian Piedmont Section
&gt;-231B       Coastal Plains, Middle Section
&gt;-231C       Southern Cumberland Plateau Section
&gt;-231D       Southern Ridge and Valley Section
&gt;-231E       Mid Coastal Plains, Western Section
&gt;-231F       Eastern Gulf Prairies and Marshes Section
&gt;-231G       Arkansas Valley Section
&gt;
&gt;Southern Rocky Mountain Steppe-Open Woodland-Coniferous Forest-
&gt;  Alpine Meadow Province
&gt;M331A       Yellowstone Highlands Section
&gt;M331B       Bighorn Mountains Section
&gt;M331D       Overthrust Mountains Section
&gt;M331E       Uinta Mountains Section
&gt;M331F       Southern Parks and Rocky Mountain Ranges Section
&gt;M331G       South-Central Highlands Section
&gt;M331H       North-Central Highlands and Rocky Mountain Section
&gt;M331I       Northern Parks and Ranges Section
&gt;M331J       Wind River Mountain Section
&gt;
&gt;Southwest Plateau and Plains Dry Steppe and Shrub Province
&gt;-315A       Pecos Valley Section
&gt;-315B       Texas High Plains Section
&gt;-315C       Rolling Plains Section
&gt;-315D       Edwards Plateau Section
&gt;-315E       Rio Grande Plain Section
&gt;-315F       Southern Gulf Prairies and Marshes Section
&gt;
&gt;Upper Yukon Tayga Province
&gt;-139A        Upper Yukon Flats Section
&gt;
&gt;Upper Yukon Tayga-Meadow Province
&gt;M139A        Upper Yukon Highlands Section
&gt;
&gt;Yukon Intermontane Plateaus Tayga Province
&gt;-131A        Upper Kobuk Valley Section
&gt;-131B        Yukon-Kuskokwim Bottomlands Section
&gt;
&gt;Yukon Intermontane Plateaus Tayga-Meadow Province
&gt;M131A        Nulato Hills Section
&gt;M131B        Kuskokwim Mountains Section
&gt;M131C        Nushagak-Lime Hills Section
</edomvd>
						<edomvds>USDA Forest Service</edomvds>
					</edom>
				</attrdomv>
				<attwidth Sync="TRUE">4</attwidth><atoutwid Sync="TRUE">5</atoutwid><attrtype Sync="TRUE">Binary</attrtype></attr>
			<attr>
				<attrlabl Sync="TRUE">TYPE</attrlabl>
				<attrdef>
A code used to identify mountainous ecoregions with variations due to
elevation.
</attrdef>
				<attrdefs>USDA Forest Service</attrdefs>
				<attrdomv>
					<edom>
						<edomv>-</edomv>
						<edomvd>The ecoregion is not mountainous.</edomvd>
						<edomvds>USDA Forest Service</edomvds>
					</edom>
				</attrdomv>
				<attrdomv>
					<edom>
						<edomv>M</edomv>
						<edomvd>The ecoregion is mountainous.</edomvd>
						<edomvds>USDA Forest Service</edomvds>
					</edom>
				</attrdomv>
				<attwidth Sync="TRUE">15</attwidth><atoutwid Sync="TRUE">15</atoutwid><attrtype Sync="TRUE">Character</attrtype></attr>
			<attr>
				<attrlabl Sync="TRUE">CODE</attrlabl>
				<attrdef>A numeric code identifying the Province.</attrdef>
				<attrdefs>U.S. Geological Survey</attrdefs>
				<attrdomv>
					<rdom>
						<rdommin>121</rdommin>
						<rdommax>423</rdommax>
					</rdom>
				</attrdomv>
				<attwidth Sync="TRUE">2</attwidth><atoutwid Sync="TRUE">2</atoutwid><attrtype Sync="TRUE">Integer</attrtype></attr>
			<attr>
				<attrlabl>Scode</attrlabl>
				<attrdef>
A code identifying the section within the Province.  This is the last
character of Ecocode.  This field is designed for cartographic
production.
</attrdef>
				<attrdefs>USDA Forest Service</attrdefs>
				<attrdomv>
					<rdom>
						<rdommin>A</rdommin>
						<rdommax>N</rdommax>
					</rdom>
				</attrdomv>
			</attr>
			<attr>
				<attrlabl>Key</attrlabl>
				<attrdef>The first three characters of the Section value.</attrdef>
				<attrdefs>USDA Forest Service</attrdefs>
				<attrdomv>
					<rdom>
						<rdommin>Adi</rdommin>
						<rdommax>Yuk</rdommax>
					</rdom>
				</attrdomv>
			</attr>
			<attr>
				<attrlabl>Fdigit</attrlabl>
				<attrdef>
The last four digits of Ecocode.  This is a cartographic production
field for labeling Sections.
</attrdef>
				<attrdefs>USDA Forest Service</attrdefs>
				<attrdomv>
					<rdom>
						<rdommin>121A</rdommin>
						<rdommax>423A</rdommax>
					</rdom>
				</attrdomv>
			</attr>
			<attr>
				<attrlabl>Mtext</attrlabl>
				<attrdef>
The first four digits of Ecocode.  This code identifies mountainous and
non-mountainous Provinces.
</attrdef>
				<attrdefs>USDA Forest Service</attrdefs>
				<attrdomv>
					<rdom>
						<rdommin>-124</rdommin>
						<rdommax>M423</rdommax>
					</rdom>
				</attrdomv>
			</attr>
		</detailed>
		<detailed Name="eco_us.pat"><enttyp><enttypl Sync="TRUE">eco_us.pat</enttypl><enttypt Sync="TRUE">Feature Class</enttypt><enttypc Sync="TRUE">3072</enttypc></enttyp><attr><attrlabl Sync="TRUE">FID</attrlabl><attalias Sync="TRUE">FID</attalias><attrtype Sync="TRUE">OID</attrtype><attwidth Sync="TRUE">4</attwidth><atprecis Sync="TRUE">0</atprecis><attscale Sync="TRUE">0</attscale><attrdef Sync="TRUE">Internal feature number.</attrdef><attrdefs Sync="TRUE">ESRI</attrdefs><attrdomv><udom Sync="TRUE">Sequential unique whole numbers that are automatically generated.</udom></attrdomv></attr><attr><attrlabl Sync="TRUE">Shape</attrlabl><attalias Sync="TRUE">Shape</attalias><attrtype Sync="TRUE">Geometry</attrtype><attwidth Sync="TRUE">0</attwidth><atprecis Sync="TRUE">0</atprecis><attscale Sync="TRUE">0</attscale><attrdef Sync="TRUE">Feature geometry.</attrdef><attrdefs Sync="TRUE">ESRI</attrdefs><attrdomv><udom Sync="TRUE">Coordinates defining the features.</udom></attrdomv></attr><attr><attrlabl Sync="TRUE">AREA</attrlabl><attwidth Sync="TRUE">4</attwidth><atoutwid Sync="TRUE">12</atoutwid><attrtype Sync="TRUE">Float</attrtype><atnumdec Sync="TRUE">3</atnumdec><attrdef Sync="TRUE">Area of feature in internal units squared.</attrdef><attrdefs Sync="TRUE">ESRI</attrdefs><attrdomv><udom Sync="TRUE">Positive real numbers that are automatically generated.</udom></attrdomv></attr><attr><attrlabl Sync="TRUE">PERIMETER</attrlabl><attwidth Sync="TRUE">4</attwidth><atoutwid Sync="TRUE">12</atoutwid><attrtype Sync="TRUE">Float</attrtype><atnumdec Sync="TRUE">3</atnumdec><attrdef Sync="TRUE">Perimeter of feature in internal units.</attrdef><attrdefs Sync="TRUE">ESRI</attrdefs><attrdomv><udom Sync="TRUE">Positive real numbers that are automatically generated.</udom></attrdomv></attr><attr><attrlabl Sync="TRUE">ECO_US#</attrlabl><attwidth Sync="TRUE">4</attwidth><atoutwid Sync="TRUE">5</atoutwid><attrtype Sync="TRUE">Binary</attrtype><attrdef Sync="TRUE">Internal feature number.</attrdef><attrdefs Sync="TRUE">ESRI</attrdefs><attrdomv><udom Sync="TRUE">Sequential unique whole numbers that are automatically generated.</udom></attrdomv></attr><attr><attrlabl Sync="TRUE">ECO_US-ID</attrlabl><attwidth Sync="TRUE">4</attwidth><atoutwid Sync="TRUE">5</atoutwid><attrtype Sync="TRUE">Binary</attrtype><attrdef Sync="TRUE">User-defined feature number.</attrdef><attrdefs Sync="TRUE">ESRI</attrdefs></attr><attr><attrlabl Sync="TRUE">ECOCODE</attrlabl><attwidth Sync="TRUE">5</attwidth><atoutwid Sync="TRUE">5</atoutwid><attrtype Sync="TRUE">Character</attrtype></attr><attr><attrlabl Sync="TRUE">DOMAIN</attrlabl><attwidth Sync="TRUE">100</attwidth><atoutwid Sync="TRUE">100</atoutwid><attrtype Sync="TRUE">Character</attrtype></attr><attr><attrlabl Sync="TRUE">DIVISION</attrlabl><attwidth Sync="TRUE">100</attwidth><atoutwid Sync="TRUE">100</atoutwid><attrtype Sync="TRUE">Character</attrtype></attr><attr><attrlabl Sync="TRUE">PROVINCE</attrlabl><attwidth Sync="TRUE">100</attwidth><atoutwid Sync="TRUE">100</atoutwid><attrtype Sync="TRUE">Character</attrtype></attr><attr><attrlabl Sync="TRUE">SECTION</attrlabl><attwidth Sync="TRUE">100</attwidth><atoutwid Sync="TRUE">100</atoutwid><attrtype Sync="TRUE">Character</attrtype></attr><attr><attrlabl Sync="TRUE">MCODE</attrlabl><attwidth Sync="TRUE">1</attwidth><atoutwid Sync="TRUE">1</atoutwid><attrtype Sync="TRUE">Character</attrtype></attr><attr><attrlabl Sync="TRUE">PCODE</attrlabl><attwidth Sync="TRUE">3</attwidth><atoutwid Sync="TRUE">3</atoutwid><attrtype Sync="TRUE">Integer</attrtype></attr><attr><attrlabl Sync="TRUE">SCODE</attrlabl><attwidth Sync="TRUE">1</attwidth><atoutwid Sync="TRUE">1</atoutwid><attrtype Sync="TRUE">Character</attrtype></attr><attr><attrlabl Sync="TRUE">KEY</attrlabl><attwidth Sync="TRUE">3</attwidth><atoutwid Sync="TRUE">3</atoutwid><attrtype Sync="TRUE">Character</attrtype></attr><attr><attrlabl Sync="TRUE">FDIGIT</attrlabl><attwidth Sync="TRUE">4</attwidth><atoutwid Sync="TRUE">4</atoutwid><attrtype Sync="TRUE">Character</attrtype></attr><attr><attrlabl Sync="TRUE">MTEXT</attrlabl><attwidth Sync="TRUE">4</attwidth><atoutwid Sync="TRUE">4</atoutwid><attrtype Sync="TRUE">Character</attrtype></attr></detailed></eainfo>
	<distinfo>
		<distrib>
			<cntinfo>
				<cntorgp>
					<cntorg>Earth Science Information Center, U.S. Geological Survey</cntorg>
				</cntorgp>
				<cntaddr>
					<addrtype>Mailing address</addrtype>
					<address>507 National Center</address>
					<city>Reston</city>
					<state>VA</state>
					<postal>20192</postal>
				</cntaddr>
				<cntvoice>1-888-ASK-USGS (1-888-275-8747)</cntvoice>
				<cntvoice>703-648-5920</cntvoice>
				<cntinst>
In addition to the address above there are other ESIC offices throughout
the country.  A full list of these offices is at
&lt;http://mapping.usgs.gov/esic/esic_index.html&gt;.
</cntinst>
			</cntinfo>
		</distrib>
		<distliab>
Although these data have been processed successfully on a computer system at
the U.S. Geological Survey, no warranty expressed or implied is made by the
U.S. Geological Survey regarding the utility of the data on any other
system, nor shall the act of distribution constitute any such warranty.  No
responsibility is assumed by the U.S. Geological Survey in the use of these
data.
</distliab>
		<stdorder>
			<digform>
				<digtinfo>
					<formname>ESRI Shapefile</formname>
					<transize Sync="TRUE">4.508</transize><dssize Sync="TRUE">4.508</dssize></digtinfo>
				<digtopt>
					<onlinopt>
						<computer>
							<networka>
								<networkr>&lt;http://nationalatlas.gov/atlasftp.html&gt;</networkr>
							</networka>
						</computer>
					</onlinopt>
				</digtopt>
				<digtopt>
					<offoptn>
						<offmedia>CD-ROM</offmedia>
						<recfmt>tar</recfmt>
					</offoptn>
				</digtopt>
			</digform>
			<digform>
				<digtinfo>
					<formname>SDTS</formname>
					<transize Sync="TRUE">4.508</transize><dssize Sync="TRUE">4.508</dssize></digtinfo>
				<digtopt>
					<onlinopt>
						<computer>
							<networka>
								<networkr>&lt;http://nationalatlas.gov/atlasftp.html&gt;</networkr>
							</networka>
						</computer>
					</onlinopt>
				</digtopt>
				<digtopt>
					<offoptn>
						<offmedia>CD-ROM</offmedia>
						<recfmt>tar</recfmt>
					</offoptn>
				</digtopt>
			</digform>
			<fees>
There is no charge for the online option.  For National Atlas files
ordered on CD-ROM there is a base price of $45.00 per disc, a handling fee
of $5.00, and a per-file charge based on file size.  The charge for files
less than 10 megabytes in size is $1.00.  The charge for files that range
in size from 10 to 150 megabytes is $7.50.  The charge for files of 150
megabytes or larger is $15.00.  The charge is $1.00 for the Ecoregions and
Subregions of the United States, Puerto Rico, and the U.S. Virgin Islands
data set.
</fees>
			<ordering>
To order files on CD-ROM, please see
&lt;http://nationalatlas.gov/atlasftp.html#q12&gt;.
</ordering>
		</stdorder>
	</distinfo>
	<metainfo>
		<metd Sync="TRUE">20040316</metd>
		<metc>
			<cntinfo>
				<cntperp>
					<cntper>Peg Rawson</cntper>
					<cntorg>U.S. Geological Survey</cntorg>
				</cntperp>
				<cntaddr>
					<addrtype>Mailing address</addrtype>
					<address>521 National Center</address>
					<city>Reston</city>
					<state>VA</state>
					<postal>20192</postal>
				</cntaddr>
				<cntvoice>703-648-4183</cntvoice>
				<cntemail>atlasmail@usgs.gov</cntemail>
				<cntorgp><cntper>REQUIRED: The person responsible for the metadata information.</cntper><cntorg>REQUIRED: The organization responsible for the metadata information.</cntorg></cntorgp></cntinfo>
		</metc>
		<metstdn Sync="TRUE">FGDC Content Standards for Digital Geospatial Metadata</metstdn>
		<metstdv Sync="TRUE">FGDC-STD-001-1998</metstdv>
		<metsi>
			<metscs>None</metscs>
			<metsc>Unclassified</metsc>
			<metshd>None</metshd>
		</metsi>
		<langmeta Sync="TRUE">en</langmeta><mettc Sync="TRUE">local time</mettc><metextns><onlink Sync="TRUE">http://www.esri.com/metadata/esriprof80.html</onlink><metprof Sync="TRUE">ESRI Metadata Profile</metprof></metextns></metainfo>
	<Esri><MetaID>{FE0D7ACC-D0DD-4DE8-802D-8CCF17213F01}</MetaID><CreaDate>20040301</CreaDate><CreaTime>14281500</CreaTime><SyncOnce>FALSE</SyncOnce><SyncDate>20040316</SyncDate><SyncTime>10575800</SyncTime><ModDate>20040316</ModDate><ModTime>10575800</ModTime></Esri></metadata>
